Phase Number,Phase Name,Comic Name,Comic Link on LoCG
I,THE SILVER & BRONZE AGE FORMATIONS,Fantastic Four Epic Collection: The World's Greatest Comic Magazine,https://leagueofcomicgeeks.com/comic/6948838/fantastic-four-epic-collection-the-worlds-greatest-comic-magazine-tp
I,THE SILVER & BRONZE AGE FORMATIONS,Fantastic Four Epic Collection: The Master Plan of Doctor Doom,https://leagueofcomicgeeks.com/comic/3464929/fantastic-four-epic-collection-the-master-plan-of-doctor-doom-tp
I,THE SILVER & BRONZE AGE FORMATIONS,The Avengers Omnibus Vol. 1,https://leagueofcomicgeeks.com/comic/5296680/the-avengers-omnibus-vol-1-hc
I,THE SILVER & BRONZE AGE FORMATIONS,The X-Men Omnibus Vol. 1,https://leagueofcomicgeeks.com/comic/4646630/x-men-omnibus-vol-1-hc
I,THE SILVER & BRONZE AGE FORMATIONS,The Amazing Spider-Man Omnibus Vol. 1,https://leagueofcomicgeeks.com/comic/6124176/the-amazing-spider-man-omnibus-vol-1-hc
I,THE SILVER & BRONZE AGE FORMATIONS,Fantastic Four Epic Collection: The Coming of Galactus,https://leagueofcomicgeeks.com/comic/1148394/fantastic-four-epic-collection-the-coming-of-galactus-tp
I,THE SILVER & BRONZE AGE FORMATIONS,The Avengers Omnibus Vol. 2,https://leagueofcomicgeeks.com/comic/2772231/the-avengers-omnibus-vol-2-hc
I,THE SILVER & BRONZE AGE FORMATIONS,The X-Men Omnibus Vol. 2,https://leagueofcomicgeeks.com/comic/7482127/x-men-omnibus-vol-2-hc
I,THE SILVER & BRONZE AGE FORMATIONS,The Amazing Spider-Man Omnibus Vol. 2,https://leagueofcomicgeeks.com/comic/3973023/the-amazing-spider-man-omnibus-vol-2-hc?variant=1338085
I,THE SILVER & BRONZE AGE FORMATIONS,Silver Surfer Epic Collection: When Calls Galactus,https://leagueofcomicgeeks.com/comic/2087898/silver-surfer-epic-collection-when-calls-galactus-tp?variant=1143367
I,THE SILVER & BRONZE AGE FORMATIONS,Guardians of the Galaxy Epic Collection: Earth Shall Overcome,https://leagueofcomicgeeks.com/comic/2547471/guardians-of-the-galaxy-epic-collection-earth-shall-overcome-tp
I,THE SILVER & BRONZE AGE FORMATIONS,Spider-Man: Blue,https://leagueofcomicgeeks.com/comic/6858951/spider-man-blue-tp?variant=6520685
I,THE SILVER & BRONZE AGE FORMATIONS,Luke Cage Epic Collection: Retribution,https://leagueofcomicgeeks.com/comic/7133406/luke-cage-epic-collection-retribution-tp
I,THE SILVER & BRONZE AGE FORMATIONS,The Avengers Omnibus Vol. 3,https://leagueofcomicgeeks.com/comic/3857489/the-avengers-omnibus-vol-3-hc
I,THE SILVER & BRONZE AGE FORMATIONS,The Avengers: The Kree-Skrull War,https://leagueofcomicgeeks.com/comic/4886955/the-avengers-the-kree-skrull-war-tp
I,THE SILVER & BRONZE AGE FORMATIONS,The Amazing Spider-Man Omnibus Vol. 3,https://leagueofcomicgeeks.com/comic/2862196/the-amazing-spider-man-omnibus-vol-3-hc?variant=4027141
I,THE SILVER & BRONZE AGE FORMATIONS,The Defenders Omnibus Vol. 1,https://leagueofcomicgeeks.com/comic/7451388/the-defenders-omnibus-vol-1-hc
I,THE SILVER & BRONZE AGE FORMATIONS,Iron Fist Epic Collection: The Fury of Iron Fist,https://leagueofcomicgeeks.com/comic/5084369/iron-fist-epic-collection-the-fury-of-iron-fist-tp?variant=8090570
I,THE SILVER & BRONZE AGE FORMATIONS,Adam Warlock Omnibus,https://leagueofcomicgeeks.com/comic/2824462/adam-warlock-omnibus-hc?variant=5695699
I,THE SILVER & BRONZE AGE FORMATIONS,The Amazing Spider-Man Omnibus Vol. 4,https://leagueofcomicgeeks.com/comic/8544293/the-amazing-spider-man-omnibus-vol-4-hc
I,THE SILVER & BRONZE AGE FORMATIONS,Nova: Richard Rider Omnibus,https://leagueofcomicgeeks.com/comic/4708153/nova-richard-rider-omnibus-hc
I,THE SILVER & BRONZE AGE FORMATIONS,The Defenders Omnibus Vol. 2,https://leagueofcomicgeeks.com/comic/2262152/the-defenders-omnibus-vol-2-hc
I,THE SILVER & BRONZE AGE FORMATIONS,Guardians of the Galaxy Epic Collection: Quest for the Shield,https://leagueofcomicgeeks.com/comic/4175298/guardians-of-the-galaxy-epic-collection-quest-for-the-shield-tp
I,THE SILVER & BRONZE AGE FORMATIONS,The Amazing Spider-Man Omnibus Vol. 5,https://leagueofcomicgeeks.com/comic/6013864/the-amazing-spider-man-omnibus-vol-5-hc?variant=5960005
I,THE SILVER & BRONZE AGE FORMATIONS,The Avengers Omnibus Vol. 4,https://leagueofcomicgeeks.com/comic/9997732/the-avengers-omnibus-vol-4-hc
I,THE SILVER & BRONZE AGE FORMATIONS,The Avengers Omnibus Vol. 5,https://leagueofcomicgeeks.com/comic/7552595/the-avengers-omnibus-vol-5-hc
I,THE SILVER & BRONZE AGE FORMATIONS,The Avengers Omnibus Vol. 6,https://leagueofcomicgeeks.com/comic/4201771/the-avengers-omnibus-vol-6-hc
I,THE SILVER & BRONZE AGE FORMATIONS,Guardians of the Galaxy Epic Collection: Homecoming,https://leagueofcomicgeeks.com/comic/3068017/guardians-of-the-galaxy-epic-collection-homecoming-tp
II,THE 1980S,Luke Cage Epic Collection: The Fire This Time,https://leagueofcomicgeeks.com/comic/4419946/luke-cage-epic-collection-the-fire-this-time-tp
II,THE 1980S,Power Man and Iron Fist Epic Collection: Heroes for Hire,https://leagueofcomicgeeks.com/comic/4939011/power-man-and-iron-fist-epic-collection-heroes-for-hire-tp
II,THE 1980S,Power Man and Iron Fist Epic Collection: Revenge,https://leagueofcomicgeeks.com/comic/1839257/power-man-and-iron-fist-epic-collection-revenge-tp
II,THE 1980S,Uncanny X-Men Omnibus Vol. 1,https://leagueofcomicgeeks.com/comic/1449157/uncanny-x-men-omnibus-vol-1-hc?variant=3836252
II,THE 1980S,Fantastic Four by John Byrne Omnibus Vol. 1,https://leagueofcomicgeeks.com/comic/8033474/fantastic-four-by-john-byrne-omnibus-vol-1-hc?variant=3790838
II,THE 1980S,Spider-Man by Roger Stern Omnibus,https://leagueofcomicgeeks.com/comic/5781713/spider-man-by-roger-stern-omnibus-hc
II,THE 1980S,Daredevil by Frank Miller & Klaus Janson Omnibus,https://leagueofcomicgeeks.com/comic/9364884/daredevil-by-frank-miller-klaus-janson-omnibus-hc?variant=2218780
II,THE 1980S,Thor by Walter Simonson Omnibus,https://leagueofcomicgeeks.com/comic/1350507/the-mighty-thor-by-walter-simonson-omnibus-hc
II,THE 1980S,Avengers: West Coast Avengers Omnibus Vol. 1,https://leagueofcomicgeeks.com/comic/9775755/avengers-west-coast-avengers-omnibus-vol-1-hc
II,THE 1980S,Uncanny X-Men Omnibus Vol. 2,https://leagueofcomicgeeks.com/comic/8806419/uncanny-x-men-omnibus-vol-2-hc?variant=6199811
II,THE 1980S,Fantastic Four by John Byrne Omnibus Vol. 2,https://leagueofcomicgeeks.com/comic/6459818/fantastic-four-by-john-byrne-omnibus-vol-2-hc?variant=8966418
II,THE 1980S,The Amazing Spider-Man: The Saga of the Alien Costume,https://leagueofcomicgeeks.com/comic/2262443/the-amazing-spider-man-the-saga-of-the-alien-costume-tp
II,THE 1980S,Marvel Super Heroes Secret Wars,https://leagueofcomicgeeks.com/comic/6684355/marvel-super-heroes-secret-wars-tp-third-edition?variant=5363909
II,THE 1980S,Secret Wars II Omnibus,https://leagueofcomicgeeks.com/comic/7311754/secret-wars-ii-omnibus-hc?variant=5540455
II,THE 1980S,The Avengers by John Byrne Omnibus,https://leagueofcomicgeeks.com/comic/2353479/the-avengers-by-john-byrne-omnibus-hc
II,THE 1980S,Wolverine Omnibus Vol. 1,https://leagueofcomicgeeks.com/comic/3697335/wolverine-omnibus-vol-1-hc?variant=6683232
II,THE 1980S,"X-Men Epic Collection: God Loves, Man Kills",https://leagueofcomicgeeks.com/comic/6241683/x-men-epic-collection-god-loves-man-kills-tp
II,THE 1980S,Avengers: West Coast Avengers Omnibus Vol. 2,https://leagueofcomicgeeks.com/comic/7160040/avengers-west-coast-avengers-omnibus-vol-2-hc
II,THE 1980S,Power Man and Iron Fist Epic Collection: Doombringer,https://leagueofcomicgeeks.com/comic/7837937/power-man-and-iron-fist-epic-collection-doombringer-tp
II,THE 1980S,Avengers: Under Siege,https://leagueofcomicgeeks.com/comic/5068621/avengers-under-siege-hc
II,THE 1980S,X-Men Epic Collection: Mutant Massacre,https://leagueofcomicgeeks.com/comic/1548306/x-men-epic-collection-mutant-massacre-tp
II,THE 1980S,Daredevil: Born Again,https://leagueofcomicgeeks.com/comic/4393619/daredevil-born-again-second-edition-tp?variant=2792947
II,THE 1980S,Spider-Man: Kraven's Last Hunt,https://leagueofcomicgeeks.com/comic/3886264/spider-man-kravens-last-hunt-deluxe-edition-hc
II,THE 1980S,The Punisher Epic Collection: Circle of Blood,https://leagueofcomicgeeks.com/comic/9403616/the-punisher-epic-collection-circle-of-blood-tp?variant=6085674
II,THE 1980S,Daredevil by Nocenti & Romita Jr. Omnibus Vol. 1,https://leagueofcomicgeeks.com/comic/8532413/daredevil-by-nocenti-romita-jr-omnibus-vol-1-hc
II,THE 1980S,Power Man and Iron Fist Epic Collection: Hardball,https://leagueofcomicgeeks.com/comic/4989703/power-man-and-iron-fist-epic-collection-hardball-tp
II,THE 1980S,Avengers: Assault on Olympus,https://leagueofcomicgeeks.com/comic/8949491/avengers-assault-on-olympus-hc
II,THE 1980S,Daredevil Epic Collection: A Touch of Typhoid,https://leagueofcomicgeeks.com/comic/7476852/daredevil-epic-collection-a-touch-of-typhoid-tp
II,THE 1980S,Daredevil by Nocenti & Romita Jr. Omnibus Vol. 2,https://leagueofcomicgeeks.com/comic/4645842/daredevil-by-nocenti-romita-jr-omnibus-vol-2-hc?variant=8289990
II,THE 1980S,X-Men Epic Collection: Fall of the Mutants,https://leagueofcomicgeeks.com/comic/5959653/x-men-epic-collection-fall-of-the-mutants-tp
II,THE 1980S,The Avengers: The Once and Future Kang,https://leagueofcomicgeeks.com/comic/4364039/the-avengers-the-once-and-future-kang-tp
II,THE 1980S,X-Men: Inferno Omnibus,https://leagueofcomicgeeks.com/comic/7744796/x-men-inferno-omnibus-hc?variant=4309470
II,THE 1980S,The Amazing Spider-Man by David Michelinie & Todd McFarlane Omnibus,https://leagueofcomicgeeks.com/comic/8540109/the-amazing-spider-man-by-david-michelinie-todd-mcfarlane-omnibus-hc?variant=1689003
III,THE 1990S,Daredevil Epic Collection: The Man Without Fear,https://leagueofcomicgeeks.com/comic/7991829/daredevil-epic-collection-the-man-without-fear-tp
III,THE 1990S,The Infinity Gauntlet Omnibus,https://leagueofcomicgeeks.com/comic/1534078/the-infinity-gauntlet-omnibus-hc
III,THE 1990S,Fantastic Four Epic Collection: Into the Time Stream,https://leagueofcomicgeeks.com/comic/4674078/fantastic-four-epic-collection-into-the-time-stream-tp
III,THE 1990S,X-Men by Chris Claremont & Jim Lee Omnibus Vol. 1,https://leagueofcomicgeeks.com/comic/5664583/x-men-by-chris-claremont-jim-lee-omnibus-vol-1-hc
III,THE 1990S,Fantastic Four Epic Collection: The New Fantastic Four,https://leagueofcomicgeeks.com/comic/7538664/fantastic-four-epic-collection-the-new-fantastic-four-tp
III,THE 1990S,The Amazing Spider-Man by David Michelinie & Erik Larsen Omnibus,https://leagueofcomicgeeks.com/comic/9957988/the-amazing-spider-man-by-david-michelinie-erik-larsen-omnibus-hc
III,THE 1990S,X-Men by Chris Claremont & Jim Lee Omnibus Vol. 2,https://leagueofcomicgeeks.com/comic/5664583/x-men-by-chris-claremont-jim-lee-omnibus-vol-1-hc?variant=5045890
III,THE 1990S,The Avengers Epic Collection: Operation Galactic Storm,https://leagueofcomicgeeks.com/comic/7111326/the-avengers-epic-collection-operation-galactic-storm-tp?variant=9796960
III,THE 1990S,The Avengers: The Gathering Omnibus,https://leagueofcomicgeeks.com/comic/1767660/the-avengers-the-gathering-omnibus-hc
III,THE 1990S,The Amazing Spider-Man by David Michelinie & Mark Bagley Omnibus Vol. 1,https://leagueofcomicgeeks.com/comic/8229564/the-amazing-spider-man-by-david-michelinie-mark-bagley-omnibus-vol-1-hc
III,THE 1990S,X-Men Epic Collection: X-Cutioner's Song,https://leagueofcomicgeeks.com/comic/3027235/x-men-epic-collection-the-x-cutioners-song-tp
III,THE 1990S,Punisher: King of Killers,https://leagueofcomicgeeks.com/comic/4747791/punisher-king-of-killers-tp
III,THE 1990S,Daredevil Epic Collection: Fall From Grace,https://leagueofcomicgeeks.com/comic/5902276/daredevil-epic-collection-fall-from-grace-tp?variant=7105792
III,THE 1990S,The Amazing Spider-Man by David Michelinie & Mark Bagley Omnibus Vol. 2,https://leagueofcomicgeeks.com/comic/3878103/the-amazing-spider-man-by-david-michelinie-mark-bagley-omnibus-vol-2-hc
III,THE 1990S,X-Men Epic Collection: Fatal Attractions,https://leagueofcomicgeeks.com/comic/6365365/x-men-epic-collection-fatal-attractions-tp
III,THE 1990S,Spider-Man: The Clone Saga Omnibus Vol. 1,https://leagueofcomicgeeks.com/comic/3703719/spider-man-the-clone-saga-omnibus-vol-1-hc?variant=2728002
III,THE 1990S,Avengers: The Crossing Omnibus,https://leagueofcomicgeeks.com/comic/2733101/avengers-the-crossing-omnibus-hc
III,THE 1990S,Spider-Man: The Clone Saga Omnibus Vol. 2,https://leagueofcomicgeeks.com/comic/9197818/spider-man-the-clone-saga-omnibus-vol-2-hc?variant=4547313
III,THE 1990S,X-Men: The Age of Apocalypse Omnibus,https://leagueofcomicgeeks.com/comic/4477342/x-men-the-age-of-apocalypse-omnibus-hc
III,THE 1990S,X-Men / Avengers: Onslaught Omnibus,https://leagueofcomicgeeks.com/comic/4207596/x-men-avengers-onslaught-omnibus-hc
III,THE 1990S,Heroes Reborn Omnibus,https://leagueofcomicgeeks.com/comic/8591938/heroes-reborn-omnibus-hc?variant=2682385
III,THE 1990S,Thunderbolts Omnibus Vol. 1,https://leagueofcomicgeeks.com/comic/8658604/thunderbolts-omnibus-vol-1-hc
III,THE 1990S,Heroes Reborn: The Return Omnibus,https://leagueofcomicgeeks.com/comic/4915628/heroes-reborn-the-return-omnibus-hc
III,THE 1990S,Spider-Man by John Byrne Omnibus,https://leagueofcomicgeeks.com/comic/2924017/spider-man-by-john-byrne-omnibus-hc
III,THE 1990S,Thunderbolts Omnibus Vol. 2,https://leagueofcomicgeeks.com/comic/8791111/thunderbolts-omnibus-vol-2-hc
III,THE 1990S,Avengers Forever,https://leagueofcomicgeeks.com/comic/2872803/avengers-forever-hc
IV,EARLY 2000S,The Avengers by Kurt Busiek & George Pérez Omnibus Vol. 1,https://leagueofcomicgeeks.com/comic/9708872/the-avengers-by-kurt-busiek-george-perez-omnibus-vol-1-hc
IV,EARLY 2000S,The Avengers: Ultron Unlimited,https://leagueofcomicgeeks.com/comic/9409450/the-avengers-ultron-unlimited-tp
IV,EARLY 2000S,Alias Omnibus,https://leagueofcomicgeeks.com/comic/6683638/alias-omnibus-hc?variant=2806039
IV,EARLY 2000S,Daredevil by Brian Michael Bendis & Alex Maleev Omnibus Vol. 1,https://leagueofcomicgeeks.com/comic/8175195/daredevil-by-brian-michael-bendis-alex-maleev-omnibus-vol-1-hc
IV,EARLY 2000S,Fantastic Four by Mark Waid Vol. 1,https://leagueofcomicgeeks.com/comic/9468561/fantastic-four-by-mark-waid-vol-1-hc
IV,EARLY 2000S,The Avengers by Kurt Busiek & George Pérez Omnibus Vol. 2,https://leagueofcomicgeeks.com/comic/4113382/the-avengers-by-kurt-busiek-george-perez-omnibus-vol-2-hc
IV,EARLY 2000S,Fantastic Four by Mark Waid Vol. 2,https://leagueofcomicgeeks.com/comic/1863461/fantastic-four-by-mark-waid-vol-2-hc
IV,EARLY 2000S,Punisher Max by Garth Ennis Omnibus Vol. 1,https://leagueofcomicgeeks.com/comic/1836762/punisher-max-by-garth-ennis-omnibus-vol-1-hc
IV,EARLY 2000S,The Avengers: The Kang Dynasty,https://leagueofcomicgeeks.com/comic/8244452/the-avengers-the-kang-dynasty-tp?variant=1736099
IV,EARLY 2000S,Fantastic Four by Mark Waid Vol. 3,https://leagueofcomicgeeks.com/comic/4162262/fantastic-four-by-mark-waid-vol-3-hc
IV,EARLY 2000S,The Amazing Spider-Man by J. Michael Straczynski Omnibus Vol. 1,https://leagueofcomicgeeks.com/comic/6983244/the-amazing-spider-man-by-j-michael-straczynski-omnibus-vol-1-hc
IV,EARLY 2000S,Fantastic Four by J. Michael Straczynski Vol. 1,https://leagueofcomicgeeks.com/comic/7015914/fantastic-four-by-j-michael-straczynski-mike-mckone-vol-1-tp
IV,EARLY 2000S,Punisher Max by Garth Ennis Omnibus Vol. 2,https://leagueofcomicgeeks.com/comic/2493075/punisher-max-by-garth-ennis-omnibus-vol-2-hc
IV,EARLY 2000S,The Avengers by Johns & Coipel Omnibus,https://leagueofcomicgeeks.com/comic/2841928/the-avengers-by-johns-coipel-omnibus-hc
IV,EARLY 2000S,New X-Men Omnibus,https://leagueofcomicgeeks.com/comic/2779595/new-x-men-omnibus-hc?variant=1475532
IV,EARLY 2000S,Astonishing X-Men by Whedon & Cassaday Omnibus,https://leagueofcomicgeeks.com/comic/2354446/astonishing-x-men-by-whedon-cassaday-omnibus-hc?variant=7310079
V,DISASSEMBLED TO AVENGERS VS. X-MEN,Secret War,https://leagueofcomicgeeks.com/comic/2283961/secret-war-by-brian-michael-bendis-omnibus-hc
V,DISASSEMBLED TO AVENGERS VS. X-MEN,Avengers Disassembled,https://leagueofcomicgeeks.com/comic/1885243/marvel-the-legendary-collection-vol-35-avengers-disassembled-hc
V,DISASSEMBLED TO AVENGERS VS. X-MEN,Daredevil by Brian Michael Bendis & Alex Maleev Omnibus Vol. 2,https://leagueofcomicgeeks.com/comic/2666364/daredevil-by-brian-michael-bendis-alex-maleev-omnibus-vol-2-hc
V,DISASSEMBLED TO AVENGERS VS. X-MEN,New Avengers by Brian Michael Bendis Vol. 1,https://leagueofcomicgeeks.com/comic/4768682/new-avengers-by-brian-michael-bendis-vol-1-hc
V,DISASSEMBLED TO AVENGERS VS. X-MEN,Jessica Jones: The Pulse - The Complete Collection,https://leagueofcomicgeeks.com/comic/6757644/jessica-jones-the-pulse-the-complete-collection-tp
V,DISASSEMBLED TO AVENGERS VS. X-MEN,The New Avengers Omnibus Vol. 1,https://leagueofcomicgeeks.com/comic/1944290/the-new-avengers-omnibus-vol-1-hc
V,DISASSEMBLED TO AVENGERS VS. X-MEN,House of M Omnibus,https://leagueofcomicgeeks.com/comic/6246880/house-of-m-omnibus-hc
V,DISASSEMBLED TO AVENGERS VS. X-MEN,Captain America by Ed Brubaker Omnibus Vol. 1,https://leagueofcomicgeeks.com/comic/5293761/captain-america-by-ed-brubaker-omnibus-vol-1-hc
V,DISASSEMBLED TO AVENGERS VS. X-MEN,Annihilation Omnibus,https://leagueofcomicgeeks.com/comic/8534550/annihilation-omnibus-hc?variant=6238204
V,DISASSEMBLED TO AVENGERS VS. X-MEN,The Amazing Spider-Man by J. Michael Straczynski Omnibus Vol. 2,https://leagueofcomicgeeks.com/comic/8389454/the-amazing-spider-man-by-j-michael-straczynski-omnibus-vol-2-hc
V,DISASSEMBLED TO AVENGERS VS. X-MEN,Civil War,https://leagueofcomicgeeks.com/comic/5003155/civil-war-hc
V,DISASSEMBLED TO AVENGERS VS. X-MEN,Civil War: Fantastic Four,https://leagueofcomicgeeks.com/comic/5449257/civil-war-fantastic-four-hc
V,DISASSEMBLED TO AVENGERS VS. X-MEN,Hulk: Planet Hulk Omnibus,https://leagueofcomicgeeks.com/comic/3272219/hulk-planet-hulk-omnibus-hc
V,DISASSEMBLED TO AVENGERS VS. X-MEN,The New Avengers Omnibus Vol. 2,https://leagueofcomicgeeks.com/comic/1306764/the-new-avengers-omnibus-vol-2-hc
V,DISASSEMBLED TO AVENGERS VS. X-MEN,The Amazing Spider-Man: Brand New Day Vol. 1,https://leagueofcomicgeeks.com/comic/4906030/the-amazing-spider-man-brand-new-day-vol-1-hc
V,DISASSEMBLED TO AVENGERS VS. X-MEN,Young Avengers by Allan Heinberg & Jim Cheung Omnibus,https://leagueofcomicgeeks.com/comic/3394498/young-avengers-by-allan-heinberg-jim-cheung-omnibus-hc
V,DISASSEMBLED TO AVENGERS VS. X-MEN,Annihilation: Conquest Omnibus,https://leagueofcomicgeeks.com/comic/5057451/annihilation-conquest-omnibus-hc?variant=8425041
V,DISASSEMBLED TO AVENGERS VS. X-MEN,World War Hulk Omnibus,https://leagueofcomicgeeks.com/comic/8391983/world-war-hulk-omnibus-hc
V,DISASSEMBLED TO AVENGERS VS. X-MEN,The Amazing Spider-Man: Brand New Day Vol. 2,https://leagueofcomicgeeks.com/comic/2018618/the-amazing-spider-man-brand-new-day-vol-2-hc
V,DISASSEMBLED TO AVENGERS VS. X-MEN,X-Men: The Messiah Trilogy Omnibus,https://leagueofcomicgeeks.com/comic/2110852/x-men-the-messiah-trilogy-omnibus-hc?variant=1822316
V,DISASSEMBLED TO AVENGERS VS. X-MEN,The Amazing Spider-Man: Brand New Day Vol. 3,https://leagueofcomicgeeks.com/comic/4218690/the-amazing-spider-man-brand-new-day-vol-3-hc
V,DISASSEMBLED TO AVENGERS VS. X-MEN,Guardians of the Galaxy by Dan Abnett & Andy Lanning Omnibus,https://leagueofcomicgeeks.com/comic/6480936/guardians-of-the-galaxy-by-dan-abnett-andy-lanning-omnibus-hc
V,DISASSEMBLED TO AVENGERS VS. X-MEN,The Amazing Spider-Man: New Ways to Die,https://leagueofcomicgeeks.com/comic/2192430/the-amazing-spider-man-new-ways-to-die-hc
V,DISASSEMBLED TO AVENGERS VS. X-MEN,Secret Invasion by Brian Michael Bendis Omnibus,https://leagueofcomicgeeks.com/comic/1765707/secret-invasion-by-brian-michael-bendis-omnibus-hc
V,DISASSEMBLED TO AVENGERS VS. X-MEN,Thunderbolts: Dark Reign Omnibus,https://leagueofcomicgeeks.com/comic/6311602/thunderbolts-dark-reign-omnibus-hc
V,DISASSEMBLED TO AVENGERS VS. X-MEN,Guardians of the Galaxy Modern Era Epic Collection: War of Kings,https://leagueofcomicgeeks.com/comic/4037754/guardians-of-the-galaxy-modern-era-epic-collection-war-of-kings-tp
V,DISASSEMBLED TO AVENGERS VS. X-MEN,The New Avengers Omnibus Vol. 3,https://leagueofcomicgeeks.com/comic/3291719/the-new-avengers-omnibus-vol-3-hc
V,DISASSEMBLED TO AVENGERS VS. X-MEN,Fantastic Four by Jonathan Hickman Omnibus Vol. 1,https://leagueofcomicgeeks.com/comic/8636978/fantastic-four-by-jonathan-hickman-omnibus-vol-1-hc?variant=7272276
V,DISASSEMBLED TO AVENGERS VS. X-MEN,Daredevil: Shadowland,https://leagueofcomicgeeks.com/comic/9629673/daredevil-shadowland-hc
V,DISASSEMBLED TO AVENGERS VS. X-MEN,War of Kings Aftermath: Realm of Kings Omnibus,https://leagueofcomicgeeks.com/comic/6125821/war-of-kings-aftermath-realm-of-kings-omnibus-hc
V,DISASSEMBLED TO AVENGERS VS. X-MEN,Heroes for Hire by Abnett & Lanning: The Complete Collection,https://leagueofcomicgeeks.com/comic/5314031/heroes-for-hire-by-abnett-lanning-the-complete-collection-tp
V,DISASSEMBLED TO AVENGERS VS. X-MEN,The Thanos Imperative,https://leagueofcomicgeeks.com/comic/9091267/the-ultimate-graphic-novels-collection-the-thanos-imperative
V,DISASSEMBLED TO AVENGERS VS. X-MEN,The Amazing Spider-Man: Big Time,https://leagueofcomicgeeks.com/comic/9847960/the-amazing-spider-man-big-time-hc
V,DISASSEMBLED TO AVENGERS VS. X-MEN,The Avengers by Brian Michael Bendis: The Complete Collection Vol. 1,https://leagueofcomicgeeks.com/comic/7945120/the-avengers-by-brian-michael-bendis-the-complete-collection-vol-1-tp
V,DISASSEMBLED TO AVENGERS VS. X-MEN,Fantastic Four by Jonathan Hickman Omnibus Vol. 2,https://leagueofcomicgeeks.com/comic/9855787/fantastic-four-by-jonathan-hickman-omnibus-vol-2-hc
V,DISASSEMBLED TO AVENGERS VS. X-MEN,The Avengers by Brian Michael Bendis: The Complete Collection Vol. 2,https://leagueofcomicgeeks.com/comic/7371832/the-avengers-by-brian-michael-bendis-the-complete-collection-vol-2-tp
V,DISASSEMBLED TO AVENGERS VS. X-MEN,The Amazing Spider-Man Modern Era Epic Collection: Spider-Island,https://leagueofcomicgeeks.com/comic/5654466/the-amazing-spider-man-modern-era-epic-collection-spider-island-tp
V,DISASSEMBLED TO AVENGERS VS. X-MEN,X-Men: Schism,https://leagueofcomicgeeks.com/comic/2486494/x-men-schism-hc
V,DISASSEMBLED TO AVENGERS VS. X-MEN,Wolverine and the X-Men by Jason Aaron Omnibus,https://leagueofcomicgeeks.com/comic/3510305/wolverine-and-the-x-men-by-jason-aaron-omnibus-hc?variant=5102323
V,DISASSEMBLED TO AVENGERS VS. X-MEN,The Avengers by Brian Michael Bendis: The Complete Collection Vol. 3,https://leagueofcomicgeeks.com/comic/9962101/the-avengers-by-brian-michael-bendis-the-complete-collection-vol-3-tp
V,DISASSEMBLED TO AVENGERS VS. X-MEN,Young Avengers: The Children's Crusade,https://leagueofcomicgeeks.com/comic/9697818/young-avengers-by-heinberg-cheung-the-childrens-crusade-tp
V,DISASSEMBLED TO AVENGERS VS. X-MEN,Avengers vs. X-Men Omnibus,https://leagueofcomicgeeks.com/comic/8283183/avengers-vs-x-men-omnibus-hc
VI,MARVEL NOW! TO SECRET WARS,Thor by Jason Aaron Omnibus Vol. 1,https://leagueofcomicgeeks.com/comic/8075270/thor-by-jason-aaron-omnibus-vol-1-hc?variant=3357569
VI,MARVEL NOW! TO SECRET WARS,Thor by Jason Aaron Omnibus Vol. 2,https://leagueofcomicgeeks.com/comic/5310877/thor-by-jason-aaron-omnibus-vol-2-hc
VI,MARVEL NOW! TO SECRET WARS,All-New X-Men Vol. 1: Yesterday's X-Men,https://leagueofcomicgeeks.com/comic/3521347/all-new-x-men-vol-1-yesterdays-x-men-tp
VI,MARVEL NOW! TO SECRET WARS,Defenders by Matt Fraction Vol. 1,https://leagueofcomicgeeks.com/comic/5553276/defenders-by-matt-fraction-vol-1-tp
VI,MARVEL NOW! TO SECRET WARS,Defenders by Matt Fraction Vol. 2,https://leagueofcomicgeeks.com/comic/6821453/defenders-vol-2-tp
VI,MARVEL NOW! TO SECRET WARS,Uncanny X-Men Vol. 1: Revolution,https://leagueofcomicgeeks.com/comic/1614205/uncanny-x-men-vol-1-revolution-tp
VI,MARVEL NOW! TO SECRET WARS,Guardians of the Galaxy by Brian Michael Bendis Omnibus Vol. 1,https://leagueofcomicgeeks.com/comic/5341753/guardians-of-the-galaxy-by-brian-michael-bendis-omnibus-vol-1-hc
VI,MARVEL NOW! TO SECRET WARS,Superior Spider-Man Omnibus Vol. 1,https://leagueofcomicgeeks.com/comic/6992588/superior-spider-man-omnibus-vol-1-hc
VI,MARVEL NOW! TO SECRET WARS,Hawkeye by Fraction & Aja Omnibus,https://leagueofcomicgeeks.com/comic/9666463/hawkeye-by-fraction-aja-omnibus-hc
VI,MARVEL NOW! TO SECRET WARS,Avengers by Jonathan Hickman Omnibus Vol. 1,https://leagueofcomicgeeks.com/comic/2137752/avengers-by-jonathan-hickman-omnibus-vol-1-hc
VI,MARVEL NOW! TO SECRET WARS,All-New X-Men Vol. 2: Here to Stay,https://leagueofcomicgeeks.com/comic/9092822/all-new-x-men-vol-2-here-to-stay-tp
VI,MARVEL NOW! TO SECRET WARS,Uncanny X-Men Vol. 2: Broken,https://leagueofcomicgeeks.com/comic/3783802/uncanny-x-men-vol-2-broken-tp
VI,MARVEL NOW! TO SECRET WARS,The Superior Foes of Spider-Man Omnibus,https://leagueofcomicgeeks.com/comic/7605029/the-superior-foes-of-spider-man-omnibus-hc
VI,MARVEL NOW! TO SECRET WARS,All-New X-Men Vol. 3: Out of Their Depth,https://leagueofcomicgeeks.com/comic/4746368/all-new-x-men-vol-3-out-of-their-depth-tp
VI,MARVEL NOW! TO SECRET WARS,"Uncanny X-Men Vol. 3: The Good, the Bad, the Inhuman",https://leagueofcomicgeeks.com/comic/7072279/uncanny-x-men-vol-3-the-good-the-bad-the-inhuman-tp
VI,MARVEL NOW! TO SECRET WARS,X-Men: Battle of the Atom,https://leagueofcomicgeeks.com/comic/2621900/x-men-battle-of-the-atom-tp
VI,MARVEL NOW! TO SECRET WARS,Infinity,https://leagueofcomicgeeks.com/comic/1617776/infinity-hc
VI,MARVEL NOW! TO SECRET WARS,Guardians of the Galaxy by Brian Michael Bendis Omnibus Vol. 2,https://leagueofcomicgeeks.com/comic/7971765/guardians-of-the-galaxy-by-brian-michael-bendis-omnibus-vol-2-hc
VI,MARVEL NOW! TO SECRET WARS,All-New X-Men Vol. 4: All-Different,https://leagueofcomicgeeks.com/comic/1657131/all-new-x-men-vol-4-all-different-tp
VI,MARVEL NOW! TO SECRET WARS,Uncanny X-Men Vol. 4: Vs. S.H.I.E.L.D.,https://leagueofcomicgeeks.com/comic/3482854/uncanny-x-men-vol-4-vs-shield-tp
VI,MARVEL NOW! TO SECRET WARS,The Amazing Spider-Man Vol. 1: The Parker Luck,https://leagueofcomicgeeks.com/comic/3862098/the-amazing-spider-man-vol-1-the-parker-luck-tp
VI,MARVEL NOW! TO SECRET WARS,Guardians of the Galaxy/All-New X-Men: The Trial of Jean Grey,https://leagueofcomicgeeks.com/comic/9821573/guardians-of-the-galaxy-all-new-x-men-the-trial-of-jean-grey-tp
VI,MARVEL NOW! TO SECRET WARS,The Amazing Spider-Man Vol. 1.1: Learning to Crawl,https://leagueofcomicgeeks.com/comic/3881168/the-amazing-spider-man-vol-11-learning-to-crawl-tp
VI,MARVEL NOW! TO SECRET WARS,All-New X-Men Vol. 5: One Down,https://leagueofcomicgeeks.com/comic/9582487/all-new-x-men-vol-5-one-down-tp
VI,MARVEL NOW! TO SECRET WARS,Uncanny X-Men Vol. 5: The Omega Mutant,https://leagueofcomicgeeks.com/comic/3148316/uncanny-x-men-vol-5-the-omega-mutant-tp
VI,MARVEL NOW! TO SECRET WARS,Avengers by Jonathan Hickman Omnibus Vol. 2,https://leagueofcomicgeeks.com/comic/5347899/avengers-by-jonathan-hickman-omnibus-vol-2-hc
VI,MARVEL NOW! TO SECRET WARS,The Amazing Spider-Man Vol. 2: Spider-Verse Prelude,https://leagueofcomicgeeks.com/comic/7173559/the-amazing-spider-man-vol-2-spider-verse-prelude-tp
VI,MARVEL NOW! TO SECRET WARS,All-New X-Men Vol. 6: Ultimate Adventure,https://leagueofcomicgeeks.com/comic/8414474/all-new-x-men-vol-6-ultimate-adventure-tp
VI,MARVEL NOW! TO SECRET WARS,Uncanny X-Men Vol. 6: Storyville,https://leagueofcomicgeeks.com/comic/5381165/uncanny-x-men-vol-6-storyville-tp
VI,MARVEL NOW! TO SECRET WARS,The Amazing Spider-Man Vol. 3: Spider-Verse,https://leagueofcomicgeeks.com/comic/4888851/the-amazing-spider-man-vol-3-spider-verse-tp
VI,MARVEL NOW! TO SECRET WARS,All-New X-Men Vol. 7: The Utopians,https://leagueofcomicgeeks.com/comic/3744216/all-new-x-men-vol-7-the-utopians-tp
VI,MARVEL NOW! TO SECRET WARS,Guardians of the Galaxy & X-Men: The Black Vortex,https://leagueofcomicgeeks.com/comic/7312158/guardians-of-the-galaxy-x-men-the-black-vortex-hc
VI,MARVEL NOW! TO SECRET WARS,The Amazing Spider-Man Vol. 4: Graveyard Shift,https://leagueofcomicgeeks.com/comic/2458226/the-amazing-spider-man-vol-4-graveyard-shift-tp
VI,MARVEL NOW! TO SECRET WARS,The Amazing Spider-Man Vol. 5: Spiral,https://leagueofcomicgeeks.com/comic/6556066/the-amazing-spider-man-vol-5-spiral-tp
VI,MARVEL NOW! TO SECRET WARS,Secret Wars by Jonathan Hickman Omnibus,https://leagueofcomicgeeks.com/comic/9142038/secret-wars-by-jonathan-hickman-omnibus-hc
VII,"ALL-NEW, ALL-DIFFERENT & RESURRXION","All-New, All-Different Avengers Vol. 1: The Magnificent Seven",https://leagueofcomicgeeks.com/comic/4082971/all-new-all-different-avengers-vol-1-the-magnificent-seven-tp
VII,"ALL-NEW, ALL-DIFFERENT & RESURRXION",All-New Wolverine Omnibus,https://leagueofcomicgeeks.com/comic/2851051/all-new-wolverine-by-tom-taylor-omnibus-hc
VII,"ALL-NEW, ALL-DIFFERENT & RESURRXION",Moon Knight by Lemire & Smallwood,https://leagueofcomicgeeks.com/comic/5490527/moon-knight-by-lemire-smallwood-the-complete-collection-tp
VII,"ALL-NEW, ALL-DIFFERENT & RESURRXION",Daredevil by Charles Soule Omnibus,https://leagueofcomicgeeks.com/comic/1613152/daredevil-by-charles-soule-omnibus-hc?variant=3620015
VII,"ALL-NEW, ALL-DIFFERENT & RESURRXION",Power Man and Iron Fist Vol. 1: The Boys Are Back In Town,https://leagueofcomicgeeks.com/comic/2429788/power-man-and-iron-fist-vol-1-the-boys-are-back-in-town-tp
VII,"ALL-NEW, ALL-DIFFERENT & RESURRXION",Extraordinary X-Men Vol. 1: X-Haven,https://leagueofcomicgeeks.com/comic/6065598/extraordinary-x-men-vol-1-x-haven-tp
VII,"ALL-NEW, ALL-DIFFERENT & RESURRXION",The Amazing Spider-Man: Worldwide Vol. 1,https://leagueofcomicgeeks.com/comic/7564937/the-amazing-spider-man-worldwide-vol-4-tp
VII,"ALL-NEW, ALL-DIFFERENT & RESURRXION",Guardians of the Galaxy by Gerry Duggan Omnibus,https://leagueofcomicgeeks.com/comic/7659234/guardians-of-the-galaxy-by-gerry-duggan-omnibus-hc
VII,"ALL-NEW, ALL-DIFFERENT & RESURRXION","All-New, All-Different Avengers Vol. 2: Family Business",https://leagueofcomicgeeks.com/comic/7606714/all-new-all-different-avengers-vol-2-family-business-tp
VII,"ALL-NEW, ALL-DIFFERENT & RESURRXION",Nova: Resurrection,https://leagueofcomicgeeks.com/comic/4114226/nova-resurrection-tp
VII,"ALL-NEW, ALL-DIFFERENT & RESURRXION",Extraordinary X-Men Vol. 2: Apocalypse Wars,https://leagueofcomicgeeks.com/comic/9123187/extraordinary-x-men-vol-2-apocalypse-wars-tp
VII,"ALL-NEW, ALL-DIFFERENT & RESURRXION",Power Man and Iron Fist Vol. 2: Civil War II,https://leagueofcomicgeeks.com/comic/1939205/power-man-and-iron-fist-vol-2-civil-war-ii-tp
VII,"ALL-NEW, ALL-DIFFERENT & RESURRXION",The Amazing Spider-Man: Worldwide Vol. 2,https://leagueofcomicgeeks.com/comic/4868236/the-amazing-spider-man-worldwide-vol-2-hc
VII,"ALL-NEW, ALL-DIFFERENT & RESURRXION","All-New, All-Different Avengers Vol. 3: Civil War II",https://leagueofcomicgeeks.com/comic/5611410/all-new-all-different-avengers-vol-3-civil-war-ii-tp
VII,"ALL-NEW, ALL-DIFFERENT & RESURRXION",Power Man and Iron Fist Vol. 3: Street Magic,https://leagueofcomicgeeks.com/comic/3115619/power-man-and-iron-fist-vol-3-street-magic-tp
VII,"ALL-NEW, ALL-DIFFERENT & RESURRXION",The Defenders Vol. 1: Diamonds Are Forever,https://leagueofcomicgeeks.com/comic/5704283/the-defenders-vol-1-diamonds-are-forever-tp?variant=9245895
VII,"ALL-NEW, ALL-DIFFERENT & RESURRXION",Extraordinary X-Men Vol. 3: Kingdoms Fall,https://leagueofcomicgeeks.com/comic/1549365/extraordinary-x-men-vol-3-kingdoms-fall-tp
VII,"ALL-NEW, ALL-DIFFERENT & RESURRXION",The Amazing Spider-Man: Worldwide Vol. 3,https://leagueofcomicgeeks.com/comic/2684454/the-amazing-spider-man-worldwide-vol-3-hc
VII,"ALL-NEW, ALL-DIFFERENT & RESURRXION",Defenders Vol. 2: Kingpins of New York,https://leagueofcomicgeeks.com/comic/1407725/defenders-vol-2-kingpins-of-new-york-tp
VII,"ALL-NEW, ALL-DIFFERENT & RESURRXION",Extraordinary X-Men Vol. 4: IVX (Inhumans vs. X-Men),https://leagueofcomicgeeks.com/comic/3991997/extraordinary-x-men-vol-4-ivx-tp
VII,"ALL-NEW, ALL-DIFFERENT & RESURRXION",Champions Vol. 1: Change the World,https://leagueofcomicgeeks.com/comic/1568946/champions-vol-1-change-the-world-tp
VII,"ALL-NEW, ALL-DIFFERENT & RESURRXION",Champions Vol. 2: The Freelancer Lifestyle,https://leagueofcomicgeeks.com/comic/8801909/champions-vol-2-the-freelancer-lifestyle-tp
VII,"ALL-NEW, ALL-DIFFERENT & RESURRXION",X-Men Gold Vol. 0: Homecoming,https://leagueofcomicgeeks.com/comic/3916425/x-men-gold-vol-0-homecoming-tp
VII,"ALL-NEW, ALL-DIFFERENT & RESURRXION",X-Men Gold Vol. 1: Back to Basics,https://leagueofcomicgeeks.com/comic/1323043/x-men-gold-vol-1-back-to-basics-tp
VII,"ALL-NEW, ALL-DIFFERENT & RESURRXION",X-Men Blue Vol. 1: Strangest,https://leagueofcomicgeeks.com/comic/4361457/x-men-blue-vol-1-strangest-tp
VII,"ALL-NEW, ALL-DIFFERENT & RESURRXION",X-Men Gold Vol. 2: Evil Empires,https://leagueofcomicgeeks.com/comic/3207094/x-men-gold-vol-2-evil-empires-tp
VII,"ALL-NEW, ALL-DIFFERENT & RESURRXION",X-Men Blue Vol. 2: Toil and Trouble,https://leagueofcomicgeeks.com/comic/3202085/x-men-blue-vol-2-toil-and-trouble-tp
VII,"ALL-NEW, ALL-DIFFERENT & RESURRXION",Marvel 2-In-One Vol. 1: Fate of the Four,https://leagueofcomicgeeks.com/comic/2748588/marvel-2-in-one-vol-1-fate-of-the-four-tp
VII,"ALL-NEW, ALL-DIFFERENT & RESURRXION",Secret Empire,https://leagueofcomicgeeks.com/comic/1739105/secret-empire-hc
VII,"ALL-NEW, ALL-DIFFERENT & RESURRXION",Champions Vol. 3: Champion For A Day,https://leagueofcomicgeeks.com/comic/4532965/champions-vol-3-champion-for-a-day-tp
VII,"ALL-NEW, ALL-DIFFERENT & RESURRXION",Marvel 2-In-One Vol. 2: Next of Kin,https://leagueofcomicgeeks.com/comic/3638033/marvel-2-in-one-vol-2-next-of-kin-tp
VII,"ALL-NEW, ALL-DIFFERENT & RESURRXION",X-Men Blue Vol. 3: Cross Time Capers,https://leagueofcomicgeeks.com/comic/6276838/x-men-blue-vol-3-cross-time-capers-tp
VII,"ALL-NEW, ALL-DIFFERENT & RESURRXION",X-Men Gold Vol. 3: Mojo Worldwide,https://leagueofcomicgeeks.com/comic/9901314/x-men-gold-vol-3-mojo-worldwide-tp
VII,"ALL-NEW, ALL-DIFFERENT & RESURRXION",The Amazing Spider-Man: Red Goblin,https://leagueofcomicgeeks.com/comic/2464391/the-amazing-spider-man-red-goblin-hc
VII,"ALL-NEW, ALL-DIFFERENT & RESURRXION",X-Men Gold Vol. 4: The Negative Zone War,https://leagueofcomicgeeks.com/comic/4170849/x-men-gold-vol-4-the-negative-zone-war-tp
VII,"ALL-NEW, ALL-DIFFERENT & RESURRXION",X-Men Blue Vol. 4: Cry Havok,https://leagueofcomicgeeks.com/comic/9040300/x-men-blue-vol-4-cry-havok-tp
VII,"ALL-NEW, ALL-DIFFERENT & RESURRXION",Champions Vol. 4: Northern Lights,https://leagueofcomicgeeks.com/comic/4571398/champions-vol-4-northern-lights-tp
VII,"ALL-NEW, ALL-DIFFERENT & RESURRXION",X-Men Gold Vol. 5: Cruel and Unusual,https://leagueofcomicgeeks.com/comic/7520185/x-men-gold-vol-5-cruel-and-unusual-tp
VII,"ALL-NEW, ALL-DIFFERENT & RESURRXION",X-Men Blue Vol. 5: Surviving the Experience,https://leagueofcomicgeeks.com/comic/4404630/x-men-blue-vol-5-surviving-the-experience-tp
VII,"ALL-NEW, ALL-DIFFERENT & RESURRXION",Champions Vol. 5: Weird War One,https://leagueofcomicgeeks.com/comic/1922195/champions-vol-5-weird-war-one-tp
VII,"ALL-NEW, ALL-DIFFERENT & RESURRXION",X-Men Gold Vol. 6: 'Til Death Do Us Part,https://leagueofcomicgeeks.com/comic/3989854/x-men-gold-vol-6-til-death-do-us-part-tp
VII,"ALL-NEW, ALL-DIFFERENT & RESURRXION",X-Men Gold Vol. 7: Godwar,https://leagueofcomicgeeks.com/comic/1744975/x-men-gold-vol-7-godwar-tp
VII,"ALL-NEW, ALL-DIFFERENT & RESURRXION",Phoenix Resurrection: The Return of Jean Grey,https://leagueofcomicgeeks.com/comic/2926327/phoenix-resurrection-the-return-of-jean-grey-tp
VII,"ALL-NEW, ALL-DIFFERENT & RESURRXION",X-Men Red Vol. 1: The Hate Machine,https://leagueofcomicgeeks.com/comic/1997793/x-men-red-vol-1-the-hate-machine-tp
VII,"ALL-NEW, ALL-DIFFERENT & RESURRXION",X-Men Red Vol. 2: Waging Peace,https://leagueofcomicgeeks.com/comic/6098590/x-men-red-vol-2-waging-peace-tp
VII,"ALL-NEW, ALL-DIFFERENT & RESURRXION",Hunt for Wolverine,https://leagueofcomicgeeks.com/comic/7125136/hunt-for-wolverine-hc
VII,"ALL-NEW, ALL-DIFFERENT & RESURRXION",Return of Wolverine,https://leagueofcomicgeeks.com/comic/7005080/return-of-wolverine-tp
VII,"ALL-NEW, ALL-DIFFERENT & RESURRXION",Avengers: No Surrender / No Road Home Omnibus,https://leagueofcomicgeeks.com/comic/6044489/avengers-no-surrender-no-road-home-omnibus-hc
VIII,FRESH START & THE KRAKOAN DAWN,Avengers by Jason Aaron Vol. 1,https://leagueofcomicgeeks.com/comic/8370836/avengers-by-jason-aaron-vol-1-hc
VIII,FRESH START & THE KRAKOAN DAWN,Venomnibus by Cates & Stegman,https://leagueofcomicgeeks.com/comic/1711453/venomnibus-by-cates-stegman-hc
VIII,FRESH START & THE KRAKOAN DAWN,Daredevil by Chip Zdarsky Omnibus Vol. 1,https://leagueofcomicgeeks.com/comic/1982795/daredevil-by-chip-zdarsky-omnibus-vol-1-hc
VIII,FRESH START & THE KRAKOAN DAWN,House of X / Powers of X,https://leagueofcomicgeeks.com/comic/6272769/house-of-x-powers-of-x-hc
VIII,FRESH START & THE KRAKOAN DAWN,Immortal Hulk Omnibus,https://leagueofcomicgeeks.com/comic/9809353/the-immortal-hulk-omnibus-hc
VIII,FRESH START & THE KRAKOAN DAWN,The Amazing Spider-Man by Nick Spencer Omnibus Vol. 1,https://leagueofcomicgeeks.com/comic/3456997/the-amazing-spider-man-by-nick-spencer-omnibus-vol-1-hc
VIII,FRESH START & THE KRAKOAN DAWN,Avengers by Jason Aaron Vol. 2,https://leagueofcomicgeeks.com/comic/5867545/avengers-by-jason-aaron-vol-2-hc
VIII,FRESH START & THE KRAKOAN DAWN,X-Men: Age of Krakoa - Dawn of X Omnibus Vol. 1,https://leagueofcomicgeeks.com/comic/2588536/x-men-age-of-krakoa-dawn-of-x-omnibus-vol-1-hc
VIII,FRESH START & THE KRAKOAN DAWN,King in Black,https://leagueofcomicgeeks.com/comic/1275973/king-in-black-tp
VIII,FRESH START & THE KRAKOAN DAWN,Empyre Omnibus,https://leagueofcomicgeeks.com/comic/8524702/empyre-omnibus-hc
VIII,FRESH START & THE KRAKOAN DAWN,X-Men: Age of Krakoa - Dawn of X Omnibus Vol. 2,https://leagueofcomicgeeks.com/comic/2390448/x-men-age-of-krakoa-dawn-of-x-omnibus-vol-2-hc
VIII,FRESH START & THE KRAKOAN DAWN,The Amazing Spider-Man by Nick Spencer Omnibus Vol. 2,https://leagueofcomicgeeks.com/comic/9331948/the-amazing-spider-man-by-nick-spencer-omnibus-vol-2-hc
VIII,FRESH START & THE KRAKOAN DAWN,Guardians of the Galaxy Vol. 1: Then It's Us,https://leagueofcomicgeeks.com/comic/5631498/guardians-of-the-galaxy-vol-1-then-its-us-tp
VIII,FRESH START & THE KRAKOAN DAWN,Daredevil by Chip Zdarsky Omnibus Vol. 2,https://leagueofcomicgeeks.com/comic/1982795/daredevil-by-chip-zdarsky-omnibus-vol-1-hc?variant=2187422
VIII,FRESH START & THE KRAKOAN DAWN,Avengers by Jason Aaron Vol. 3,https://leagueofcomicgeeks.com/comic/3723244/avengers-by-jason-aaron-vol-3-hc
VIII,FRESH START & THE KRAKOAN DAWN,X of Swords,https://leagueofcomicgeeks.com/comic/3412992/x-of-swords-hc
VIII,FRESH START & THE KRAKOAN DAWN,The Amazing Spider-Man Vol. 9: Sins Rising,https://leagueofcomicgeeks.com/comic/4884436/the-amazing-spider-man-vol-9-sins-rising-tp
VIII,FRESH START & THE KRAKOAN DAWN,Avengers by Jason Aaron Vol. 4,https://leagueofcomicgeeks.com/comic/9680887/avengers-by-jason-aaron-vol-4-hc
VIII,FRESH START & THE KRAKOAN DAWN,Guardians of the Galaxy Vol. 2: Here We Make Our Stand,https://leagueofcomicgeeks.com/comic/3160592/guardians-of-the-galaxy-vol-2-here-we-make-our-stand-tp
VIII,FRESH START & THE KRAKOAN DAWN,War of the Realms,https://leagueofcomicgeeks.com/comic/9505542/the-war-of-the-realms-omnibus-hc?variant=8204904
VIII,FRESH START & THE KRAKOAN DAWN,X-Men: Age of Krakoa - Reign of X Omnibus Vol. 1,https://leagueofcomicgeeks.com/comic/5681420/x-men-age-of-krakoa-reign-of-x-omnibus-vol-1-hc
VIII,FRESH START & THE KRAKOAN DAWN,The Amazing Spider-Man: Last Remains Companion,https://leagueofcomicgeeks.com/comic/9521076/the-amazing-spider-man-last-remains-companion-tp
VIII,FRESH START & THE KRAKOAN DAWN,X-Men: Age of Krakoa - Reign of X Omnibus Vol. 2,https://leagueofcomicgeeks.com/comic/8788582/x-men-age-of-krakoa-reign-of-x-omnibus-vol-2-hc
VIII,FRESH START & THE KRAKOAN DAWN,X-Men: Hellfire Gala (2021),https://leagueofcomicgeeks.com/comic/5928285/x-men-hellfire-gala-tp
VIII,FRESH START & THE KRAKOAN DAWN,Sinister War,https://leagueofcomicgeeks.com/comic/9071025/sinister-war-tp
VIII,FRESH START & THE KRAKOAN DAWN,Guardians of the Galaxy Vol. 3: We're Super Heroes,https://leagueofcomicgeeks.com/comic/1232450/guardians-of-the-galaxy-vol-3-were-super-heroes-tp
VIII,FRESH START & THE KRAKOAN DAWN,The Last Annihilation,https://leagueofcomicgeeks.com/comic/5935299/the-last-annihilation-tp
VIII,FRESH START & THE KRAKOAN DAWN,Trials of X Vol. 1,https://leagueofcomicgeeks.com/comic/8964150/trials-of-x-vol-1-tp
VIII,FRESH START & THE KRAKOAN DAWN,Trials of X Vol. 2,https://leagueofcomicgeeks.com/comic/4291080/trials-of-x-vol-2-tp
VIII,FRESH START & THE KRAKOAN DAWN,Trials of X Vol. 3,https://leagueofcomicgeeks.com/comic/2326684/trials-of-x-vol-3-tp
VIII,FRESH START & THE KRAKOAN DAWN,Trials of X Vol. 4,https://leagueofcomicgeeks.com/comic/8153637/trials-of-x-vol-4-tp
VIII,FRESH START & THE KRAKOAN DAWN,Trials of X Vol. 5,https://leagueofcomicgeeks.com/comic/1246133/trials-of-x-vol-5-tp
VIII,FRESH START & THE KRAKOAN DAWN,Trials of X Vol. 6,https://leagueofcomicgeeks.com/comic/4905203/trials-of-x-vol-6-tp
VIII,FRESH START & THE KRAKOAN DAWN,Trials of X Vol. 7,https://leagueofcomicgeeks.com/comic/9368931/trials-of-x-vol-7-tp
VIII,FRESH START & THE KRAKOAN DAWN,Trials of X Vol. 8,https://leagueofcomicgeeks.com/comic/7817233/trials-of-x-vol-8-tp
VIII,FRESH START & THE KRAKOAN DAWN,Trials of X Vol. 9,https://leagueofcomicgeeks.com/comic/9553958/trials-of-x-vol-9-tp
VIII,FRESH START & THE KRAKOAN DAWN,Trials of X Vol. 10,https://leagueofcomicgeeks.com/comic/5189618/trials-of-x-vol-10-tp
VIII,FRESH START & THE KRAKOAN DAWN,Trials of X Vol. 11,https://leagueofcomicgeeks.com/comic/3312318/trials-of-x-vol-11-tp
VIII,FRESH START & THE KRAKOAN DAWN,Trials of X Vol. 12,https://leagueofcomicgeeks.com/comic/6757512/trials-of-x-vol-12-tp
VIII,FRESH START & THE KRAKOAN DAWN,Inferno,https://leagueofcomicgeeks.com/comic/7842968/inferno-tp
VIII,FRESH START & THE KRAKOAN DAWN,The X Lives & X Deaths of Wolverine,https://leagueofcomicgeeks.com/comic/6460796/the-x-lives-x-deaths-of-wolverine-tp
VIII,FRESH START & THE KRAKOAN DAWN,Avengers by Jason Aaron Vol. 5,https://leagueofcomicgeeks.com/comic/5733929/avengers-by-jason-aaron-vol-5-hc
IX,DESTINY OF X & JUDGMENT DAY,Devil's Reign,https://leagueofcomicgeeks.com/comic/4833823/devils-reign-tp
IX,DESTINY OF X & JUDGMENT DAY,Moon Knight by Jed MacKay Omnibus,https://leagueofcomicgeeks.com/comic/3220183/moon-knight-by-jed-mackay-omnibus-hc
IX,DESTINY OF X & JUDGMENT DAY,X-Men by Gerry Duggan Vol. 1,https://leagueofcomicgeeks.com/comic/5647422/x-men-by-gerry-duggan-vol-1-tp
IX,DESTINY OF X & JUDGMENT DAY,X-Men by Gerry Duggan Vol. 2,https://leagueofcomicgeeks.com/comic/9768363/x-men-by-gerry-duggan-vol-2-tp
IX,DESTINY OF X & JUDGMENT DAY,Fantastic Four by Ryan North Vol. 1: Whatever Happened to the Fantastic Four?,https://leagueofcomicgeeks.com/comic/1410991/fantastic-four-by-ryan-north-vol-1-whatever-happened-to-the-fantastic-four-tp
IX,DESTINY OF X & JUDGMENT DAY,The Amazing Spider-Man: Beyond Omnibus,https://leagueofcomicgeeks.com/comic/6031009/the-amazing-spider-man-beyond-omnibus-hc?variant=1738507
IX,DESTINY OF X & JUDGMENT DAY,X-Men by Gerry Duggan Vol. 3,https://leagueofcomicgeeks.com/comic/5658625/x-men-by-gerry-duggan-vol-3-tp
IX,DESTINY OF X & JUDGMENT DAY,Immortal X-Men by Kieron Gillen Vol. 1,https://leagueofcomicgeeks.com/comic/4492050/immortal-x-men-by-kieron-gillen-vol-1-tp
IX,DESTINY OF X & JUDGMENT DAY,Fantastic Four by Ryan North Vol. 2: Four Stories About Hope,https://leagueofcomicgeeks.com/comic/8747433/fantastic-four-by-ryan-north-vol-2-four-stories-about-hope-tp
IX,DESTINY OF X & JUDGMENT DAY,The Amazing Spider-Man by Zeb Wells Omnibus Vol. 1,https://leagueofcomicgeeks.com/comic/8492777/the-amazing-spider-man-by-zeb-wells-omnibus-vol-1-hc
IX,DESTINY OF X & JUDGMENT DAY,Immortal X-Men by Kieron Gillen Vol. 2,https://leagueofcomicgeeks.com/comic/6221915/immortal-x-men-by-kieron-gillen-vol-2-tp
IX,DESTINY OF X & JUDGMENT DAY,X-Men Red by Al Ewing Vol. 1,https://leagueofcomicgeeks.com/comic/2109383/x-men-red-by-al-ewing-vol-1-tp
IX,DESTINY OF X & JUDGMENT DAY,X-Men Red by Al Ewing Vol. 2,https://leagueofcomicgeeks.com/comic/4912807/x-men-red-by-al-ewing-vol-2-tp
IX,DESTINY OF X & JUDGMENT DAY,Legion of X by Simon Spurrier Vol. 1,https://leagueofcomicgeeks.com/comic/3712256/legion-of-x-by-simon-spurrier-vol-1-tp
IX,DESTINY OF X & JUDGMENT DAY,Legion of X by Simon Spurrier Vol. 2,https://leagueofcomicgeeks.com/comic/5837913/legion-of-x-by-simon-spurrier-vol-2-tp
IX,DESTINY OF X & JUDGMENT DAY,Fantastic Four by Ryan North Vol. 3: The Impossible Is Probable,https://leagueofcomicgeeks.com/comic/5613466/fantastic-four-by-ryan-north-vol-3-the-impossible-is-probable-tp
IX,DESTINY OF X & JUDGMENT DAY,Marauders by Steve Orlando Vol. 1,https://leagueofcomicgeeks.com/comic/5831279/marauders-by-steve-orlando-vol-1-tp
IX,DESTINY OF X & JUDGMENT DAY,Marauders by Steve Orlando Vol. 2,https://leagueofcomicgeeks.com/comic/7656444/marauders-by-steve-orlando-vol-2-tp
IX,DESTINY OF X & JUDGMENT DAY,X-Force by Benjamin Percy Vol. 5 & 6,https://leagueofcomicgeeks.com/comic/8209404/x-force-by-benjamin-percy-vol-5-tp
IX,DESTINY OF X & JUDGMENT DAY,X-Force by Benjamin Percy Vol. 7,https://leagueofcomicgeeks.com/comic/4498769/x-force-by-benjamin-percy-vol-7-tp
IX,DESTINY OF X & JUDGMENT DAY,A.X.E.: Judgment Day,https://leagueofcomicgeeks.com/comic/5885955/axe-judgment-day-tp
IX,DESTINY OF X & JUDGMENT DAY,Sins of Sinister,https://leagueofcomicgeeks.com/comic/6843991/sins-of-sinister-tp
IX,DESTINY OF X & JUDGMENT DAY,X-Men by Gerry Duggan Vol. 4,https://leagueofcomicgeeks.com/comic/6699438/x-men-by-gerry-duggan-vol-4-tp
IX,DESTINY OF X & JUDGMENT DAY,X-Men by Gerry Duggan Vol. 5,https://leagueofcomicgeeks.com/comic/6242693/x-men-by-gerry-duggan-vol-5-tp
IX,DESTINY OF X & JUDGMENT DAY,X-Men by Gerry Duggan Vol. 6,https://leagueofcomicgeeks.com/comic/6946957/x-men-by-gerry-duggan-vol-6-tp
IX,DESTINY OF X & JUDGMENT DAY,Immortal X-Men by Kieron Gillen Vol. 3,https://leagueofcomicgeeks.com/comic/1672442/immortal-x-men-by-kieron-gillen-vol-3-tp
IX,DESTINY OF X & JUDGMENT DAY,X-Men Red by Al Ewing Vol. 3,https://leagueofcomicgeeks.com/comic/3262907/x-men-red-by-al-ewing-vol-3-tp
X,FALL OF X,X-Men: Hellfire Gala - Fall of X,https://leagueofcomicgeeks.com/comic/8035688/x-men-hellfire-gala-fall-of-x-tp
X,FALL OF X,Immortal X-Men by Kieron Gillen Vol. 4,https://leagueofcomicgeeks.com/comic/1517036/immortal-x-men-by-kieron-gillen-vol-4-tp
X,FALL OF X,Guardians of the Galaxy Vol. 1: Grootfall,https://leagueofcomicgeeks.com/comic/2528319/guardians-of-the-galaxy-vol-1-grootfall-tp
X,FALL OF X,X-Men Red by Al Ewing Vol. 4,https://leagueofcomicgeeks.com/comic/6769966/x-men-red-by-al-ewing-vol-4-tp
X,FALL OF X,Wolverine by Benjamin Percy Vol. 7,https://leagueofcomicgeeks.com/comic/9822447/wolverine-by-benjamin-percy-vol-7-tp
X,FALL OF X,The Amazing Spider-Man by Zeb Wells Omnibus Vol. 2,https://leagueofcomicgeeks.com/comic/6587226/the-amazing-spider-man-by-zeb-wells-omnibus-vol-2-hc
X,FALL OF X,Wolverine by Benjamin Percy Vol. 8: Sabretooth War Part 1,https://leagueofcomicgeeks.com/comic/5820636/wolverine-by-benjamin-percy-vol-8-sabretooth-war-part-1-tp
X,FALL OF X,Wolverine by Benjamin Percy Vol. 9: Sabretooth War Part 2,https://leagueofcomicgeeks.com/comic/4241587/wolverine-by-benjamin-percy-vol-9-sabretooth-war-part-2-tp
X,FALL OF X,Rogue & Gambit: Power Play,https://leagueofcomicgeeks.com/comic/7863051/rogue-gambit-power-play-tp
X,FALL OF X,Uncanny Spider-Man: Fall of X,https://leagueofcomicgeeks.com/comic/4600542/uncanny-spider-man-fall-of-x-tp
X,FALL OF X,Fantastic Four by Ryan North Vol. 4: Fortune Favors the Fantastic,https://leagueofcomicgeeks.com/comic/3474271/fantastic-four-by-ryan-north-vol-4-fortune-favors-the-fantastic-tp
X,FALL OF X,Resurrection of Magneto,https://leagueofcomicgeeks.com/comic/6228297/resurrection-of-magneto-tp
X,FALL OF X,The Amazing Spider-Man Vol. 9: Gang War,https://leagueofcomicgeeks.com/comic/8905945/the-amazing-spider-man-vol-9-gang-war-tp
X,FALL OF X,Daredevil: Gang War,https://leagueofcomicgeeks.com/comic/9367254/daredevil-gang-war-tp
X,FALL OF X,Guardians of the Galaxy Vol. 2: Grootrise,https://leagueofcomicgeeks.com/comic/6336777/guardians-of-the-galaxy-vol-2-grootrise-tp
X,FALL OF X,Luke Cage: Gang War,https://leagueofcomicgeeks.com/comic/9661823/luke-cage-gang-war-tp
X,FALL OF X,Fall of the House of X / Rise of the Powers of X,https://leagueofcomicgeeks.com/comic/6141826/fall-of-the-house-of-x-rise-of-the-powers-of-x-omnibus-hc
X,FALL OF X,"Fantastic Four by Ryan North Vol. 5: Aliens, Ghosts, and Alternate Earths",https://leagueofcomicgeeks.com/comic/8409104/fantastic-four-by-ryan-north-vol-5-aliens-ghosts-and-alternate-earths-tp
X,FALL OF X,Immortal X-Men Vol. 5: X-Men Forever,https://leagueofcomicgeeks.com/comic/3580949/immortal-x-men-vol-5-x-men-forever-tp
X,FALL OF X,Dead X-Men,https://leagueofcomicgeeks.com/comic/5721448/dead-x-men-tp
XI,THE MODERN ERA,The Avengers by Jed MacKay Omnibus,https://leagueofcomicgeeks.com/comic/8719744/the-avengers-by-jed-mackay-omnibus-hc
XI,THE MODERN ERA,X-Men by Jed MacKay Vol. 1: Homecoming,https://leagueofcomicgeeks.com/comic/2266238/x-men-by-jed-mackay-vol-1-homecoming-tp
XI,THE MODERN ERA,Uncanny X-Men by Gail Simone Vol. 1: Red Wave,https://leagueofcomicgeeks.com/comic/9927517/uncanny-x-men-by-gail-simone-vol-1-red-wave-tp
XI,THE MODERN ERA,Exceptional X-Men by Eve L. Ewing Vol. 1: Duty Calls,https://leagueofcomicgeeks.com/comic/7591477/exceptional-x-men-by-eve-l-ewing-vol-1-duty-calls-tp
XI,THE MODERN ERA,Wolverine by Saladin Ahmed Vol. 1: In the Bones,https://leagueofcomicgeeks.com/comic/7008684/wolverine-by-saladin-ahmed-vol-1-in-the-bones-tp
XI,THE MODERN ERA,X-Force by Geoffrey Thorne Vol. 1: Fractures,https://leagueofcomicgeeks.com/comic/4809585/x-force-by-geoffrey-thorne-vol-1-fractures-tp
XI,THE MODERN ERA,Thunderbolts: Worldstrike,https://leagueofcomicgeeks.com/comic/2208668/thunderbolts-worldstrike-tp
XI,THE MODERN ERA,Blood Hunt,https://leagueofcomicgeeks.com/comic/1571231/blood-hunt-omnibus-hc
XI,THE MODERN ERA,X-Men by Jed MacKay Vol. 2: Hostile Takeover,https://leagueofcomicgeeks.com/comic/2643671/x-men-by-jed-mackay-vol-2-hostile-takeover-tp
XI,THE MODERN ERA,Uncanny X-Men by Gail Simone Vol. 2: The Dark Artery,https://leagueofcomicgeeks.com/comic/3188517/uncanny-x-men-by-gail-simone-vol-2-the-dark-artery-tp
XI,THE MODERN ERA,Exceptional X-Men by Eve L. Ewing Vol. 2: The Deep End,https://leagueofcomicgeeks.com/comic/6962134/exceptional-x-men-by-eve-l-ewing-vol-2-the-deep-end-tp
XI,THE MODERN ERA,Wolverine by Saladin Ahmed Vol. 2: Call of the Adamantine,https://leagueofcomicgeeks.com/comic/1736010/wolverine-by-saladin-ahmed-vol-2-call-of-the-adamantine-tp
XI,THE MODERN ERA,The Amazing Spider-Man by Joe Kelly Vol. 1: Get Back Up,https://leagueofcomicgeeks.com/comic/3362260/the-amazing-spider-man-vol-1-get-back-up-tp
XI,THE MODERN ERA,X-Men by Jed MacKay Vol. 3: The Hellfire Vigil,https://leagueofcomicgeeks.com/comic/9473278/x-men-by-jed-mackay-vol-3-the-hellfire-vigil-tp
XI,THE MODERN ERA,The Amazing Spider-Man by Joe Kelly Vol. 2: Through the Gates of Hell,https://leagueofcomicgeeks.com/comic/6536306/the-amazing-spider-man-vol-2-through-the-gates-of-hell-tp
XI,THE MODERN ERA,Uncanny X-Men by Gail Simone Vol. 3,https://leagueofcomicgeeks.com/comic/3188517/uncanny-x-men-by-gail-simone-vol-2-the-dark-artery-tp
XI,THE MODERN ERA,Wolverine by Saladin Ahmed Vol. 3: Mutant Protector,https://leagueofcomicgeeks.com/comic/9941258/wolverine-by-saladin-ahmed-vol-3-mutant-protector-tp
XI,THE MODERN ERA,The Amazing Spider-Man by Joe Kelly Vol. 3: Resolute,https://leagueofcomicgeeks.com/comic/7127352/the-amazing-spider-man-vol-3-resolute-tp
XI,THE MODERN ERA,Wolverine by Saladin Ahmed Vol. 4: Clash of the Champions,https://leagueofcomicgeeks.com/comic/6549558/wolverine-by-saladin-ahmed-vol-4-clash-of-the-champions-tp
XI,THE MODERN ERA,Fantastic Four by Ryan North Vol. 6: Our World Under Doom,https://leagueofcomicgeeks.com/comic/9291290/fantastic-four-by-ryan-north-vol-6-our-world-under-doom-tp
XI,THE MODERN ERA,X-Men: Age of Revelation - Book of Revelation,https://leagueofcomicgeeks.com/comic/6036494/x-men-age-of-revelation-book-of-revelation-tp
XI,THE MODERN ERA,The Amazing Spider-Man by Joe Kelly Vol. 4: Broken,https://leagueofcomicgeeks.com/comic/5109877/the-amazing-spider-man-vol-4-broken-tp
XI,THE MODERN ERA,X-Men by Jed MacKay Vol. 4: Age of Revelation Aftermath,https://leagueofcomicgeeks.com/comic/3589163/x-men-by-jed-mackay-vol-4-age-of-revelation-aftermath-tp
XI,THE MODERN ERA,Uncanny X-Men by Gail Simone Vol. 4: Where Monsters Dwell,https://leagueofcomicgeeks.com/comic/2745001/uncanny-x-men-by-gail-simone-vol-4-where-monsters-dwell-tp
XI,THE MODERN ERA,Thunderbolts: Doomstrike,https://leagueofcomicgeeks.com/comic/6281422/thunderbolts-doomstrike-tp
XI,THE MODERN ERA,One World Under Doom Omnibus,https://leagueofcomicgeeks.com/comic/7942794/one-world-under-doom-omnibus-hc
XI,THE MODERN ERA,Imperial,https://leagueofcomicgeeks.com/comic/2192736/imperial-tp
XII,,,
XII,,,
XII,,,
XII,,,
XII,,,
XII,,,
XII,,,
XII,,,